INSERT INTO `pharmacytbl`.`pharmacists` (`PharmacistID`, `Name`, `Last name`, `Gender`, `PIN`, `Phone number`, `Age`, `PharmacyID`)
 VALUES ('1', 'Александра ', 'Димитрова', 'Female', '9208015443', '0883456782', '23', '1'), 
 ('2', 'Кристина', 'Петкова', 'Female', '9308079223', '0885634789', '21', '2'),
 ('3', 'Добри', 'Добрев', 'Male', '8907892234', '0889789536', '25', '3'), 
 ('4', 'Петър', 'Иванов', 'Male', '9007012334', '0887234567', '24', '4'),
 ('5', 'Стела', 'Иванова', 'Female', '8908012241', '0886234987', '23', '5'), 
 ('7', 'Иван', 'Иванов', 'Male', '8567823446', '0883456987', '29', '7'), 
 ('8', 'Кристина', 'Йотова', 'Female', '7894535668', '0884567907', '36', '8')
 ('6', 'Мартин', 'Димитров', 'Male', '879072335', '0898567493', '27', '6')
 ('9', 'Тихомир', 'Данчев', 'Male', '84562313775', '0889794382', '30', '9'), 
 ('10', 'Силвия', 'Казачева', 'Female', '8190365884', '0989584678', '33', '10');
 
 
 INSERT INTO `pharmacytbl`.`medicals` (`MedicalID`, `Expiration date`, `Distributor`, `Stock`,`Price`) 
 VALUES ('1', '2014-12-02', 'Авис', '30','101'),
        ('2', '2014-12-10', 'Медика', '20','50'),
		('3', '2014-12-19', 'Лиян', '34','45'),
		('4', '2014-12-25', 'Милков', '54','150'),
		 ('5', '2014-12-11', 'Стражо', '56','45'), 
		 ('6', '2014-12-06', 'Ингри', '87','23'),
		 ('7', '2014-12-05', 'Обор', '45','120'),
		 ('8', '2014-12-15', 'Ценки', '12','23'),
		 ('9', '2014-12-06', 'Силвок', '37','12'), 
		 ('10', '2014-12-28', 'Прайм', '90','6');
		 
INSERT INTO `pharmacytbl`.`pharmacies` (`PharmacyID`, `Name`, `Address`, `Pharmacists_PharmacistID`)
 VALUES ('1', 'Марешки', 'ул.Дохман', '1'),
        ('2', 'Шипка', 'ул.Неофит Рилски', '2'),
		('3', 'Стражи', 'ул.Македония', '3'), 
		('4', 'Дупнам', 'ул.Шико', '4'),
		('5', 'Кайран', 'ул.Сторго', '5'), 
		('6', 'Сливовик', 'ул.Манастирска', '6'),
		('7', 'Детелина', 'ул.Сторгозия', '7'),
		('8', 'Анн', 'ул.Студена', '8'),
		('9', 'Бачко', 'ул.Бачо Киро', '9'), 
		('10', 'Славяна', 'ул.Минкова', '10');